Year,SERIES,Reference area,UNIT_MEASURE,GeoCode,Value
2014,Proportion of children aged 1-14 years who experienced physical punishment and/or psychological aggression by caregivers in last month [16.2.1],,Percent,,81.7
2019,Proportion of children aged 1-14 years who experienced physical punishment and/or psychological aggression by caregivers in last month [16.2.1],,Percent,,82.0
2019,Proportion of children aged 1-14 years who experienced physical punishment and/or psychological aggression by caregivers in last month [16.2.1],Province 1,Percent,NP1,87.6
2019,Proportion of children aged 1-14 years who experienced physical punishment and/or psychological aggression by caregivers in last month [16.2.1],Madhesh,Percent,NP2,80.6
2019,Proportion of children aged 1-14 years who experienced physical punishment and/or psychological aggression by caregivers in last month [16.2.1],Bagmati,Percent,NP3,81.0
2019,Proportion of children aged 1-14 years who experienced physical punishment and/or psychological aggression by caregivers in last month [16.2.1],Gandaki,Percent,NP4,83.2
2019,Proportion of children aged 1-14 years who experienced physical punishment and/or psychological aggression by caregivers in last month [16.2.1],Lumbini,Percent,NP5,84.2
2019,Proportion of children aged 1-14 years who experienced physical punishment and/or psychological aggression by caregivers in last month [16.2.1],Karnali,Percent,NP6,79.0
2019,Proportion of children aged 1-14 years who experienced physical punishment and/or psychological aggression by caregivers in last month [16.2.1],Sudurpashchim,Percent,NP7,75.4
