Year,SERIES,Reference area,UNIT_MEASURE,GeoCode,Value
2014,Proportion of children under 5 years of age whose births have been registered with a civil authority [16.9.1],,Percent,,58.1
2019,Proportion of children under 5 years of age whose births have been registered with a civil authority [16.9.1],,Percent,,77.2
2019,Proportion of children under 5 years of age whose births have been registered with a civil authority [16.9.1],Province 1,Percent,NP1,78.4
2019,Proportion of children under 5 years of age whose births have been registered with a civil authority [16.9.1],Madhesh,Percent,NP2,76.1
2019,Proportion of children under 5 years of age whose births have been registered with a civil authority [16.9.1],Bagmati,Percent,NP3,70.8
2019,Proportion of children under 5 years of age whose births have been registered with a civil authority [16.9.1],Gandaki,Percent,NP4,73.8
2019,Proportion of children under 5 years of age whose births have been registered with a civil authority [16.9.1],Lumbini,Percent,NP5,76.7
2019,Proportion of children under 5 years of age whose births have been registered with a civil authority [16.9.1],Karnali,Percent,NP6,84.4
2019,Proportion of children under 5 years of age whose births have been registered with a civil authority [16.9.1],Sudurpashchim,Percent,NP7,89.1
