Year,SERIES,Reference area,UNIT_MEASURE,GeoCode,Value
2014,Neonatal mortality rate [3.2.2],,Percent,,23
2019,Neonatal mortality rate [3.2.2],,Percent,,16
2019,Neonatal mortality rate [3.2.2],Province 1,Percent,NP1,20
2019,Neonatal mortality rate [3.2.2],Madhesh,Percent,NP2,10
2019,Neonatal mortality rate [3.2.2],Bagmati,Percent,NP3,9
2019,Neonatal mortality rate [3.2.2],Gandaki,Percent,NP4,18
2019,Neonatal mortality rate [3.2.2],Lumbini,Percent,NP5,22
2019,Neonatal mortality rate [3.2.2],Karnali,Percent,NP6,11
2019,Neonatal mortality rate [3.2.2],Sudurpashchim,Percent,NP7,25
