Year,SERIES,Reference area,UNIT_MEASURE,GeoCode,Value
2014,Under-five mortality rate [3.2.1],,Percent,,38
2019,Under-five mortality rate [3.2.1],,Percent,,28
2019,Under-five mortality rate [3.2.1],Province 1,Percent,NP1,32
2019,Under-five mortality rate [3.2.1],Madhesh,Percent,NP2,19
2019,Under-five mortality rate [3.2.1],Bagmati,Percent,NP3,19
2019,Under-five mortality rate [3.2.1],Gandaki,Percent,NP4,30
2019,Under-five mortality rate [3.2.1],Lumbini,Percent,NP5,40
2019,Under-five mortality rate [3.2.1],Karnali,Percent,NP6,30
2019,Under-five mortality rate [3.2.1],Sudurpashchim,Percent,NP7,39
