Year,SERIES,Reference area,UNIT_MEASURE,GeoCode,Value
2015,Proportion of population with large household expenditures on health (greater than 25%) as a share of total household expenditure or income [3.8.2],,Percent,,10.7
2018,Proportion of population with large household expenditures on health (greater than 25%) as a share of total household expenditure or income [3.8.2],,Percent,,7.5
2019,Proportion of population with large household expenditures on health (greater than 25%) as a share of total household expenditure or income [3.8.2],,Percent,,6.0
2020,Proportion of population with large household expenditures on health (greater than 25%) as a share of total household expenditure or income [3.8.2],,Percent,,4.0
2022,Proportion of population with large household expenditures on health (greater than 25%) as a share of total household expenditure or income [3.8.2],,Percent,,2.0
