Year,SERIES,Reference area,UNIT_MEASURE,GeoCode,Value
2015,Mortality rate attributed to unintentional poisonings [3.9.3],,"Per 100,000 population",,0.53
2018,Mortality rate attributed to unintentional poisonings [3.9.3],,"Per 100,000 population",,0.493308
2019,Mortality rate attributed to unintentional poisonings [3.9.3],,"Per 100,000 population",,0.468846
2020,Mortality rate attributed to unintentional poisonings [3.9.3],,"Per 100,000 population",,0.432154
2022,Mortality rate attributed to unintentional poisonings [3.9.3],,"Per 100,000 population",,0.371
