Year,SERIES,Reference area,UNIT_MEASURE,GeoCode,Value
2015,"Mortality rate attributed to unsafe water, unsafe sanitation and lack of hygiene [3.9.2]",,"Per 100,000 population",,37.7
2018,"Mortality rate attributed to unsafe water, unsafe sanitation and lack of hygiene [3.9.2]",,"Per 100,000 population",,35.09
2019,"Mortality rate attributed to unsafe water, unsafe sanitation and lack of hygiene [3.9.2]",,"Per 100,000 population",,33.35
2020,"Mortality rate attributed to unsafe water, unsafe sanitation and lack of hygiene [3.9.2]",,"Per 100,000 population",,30.74
2022,"Mortality rate attributed to unsafe water, unsafe sanitation and lack of hygiene [3.9.2]",,"Per 100,000 population",,26.39
