Year,SERIES,Reference area,UNIT_MEASURE,GeoCode,Value
2015,Proportion of health facilities that have a core set of relevant essential medicines available and affordable on a sustainable basis [3.b.3],,Percent,,70
2018,Proportion of health facilities that have a core set of relevant essential medicines available and affordable on a sustainable basis [3.b.3],,Percent,,95
2019,Proportion of health facilities that have a core set of relevant essential medicines available and affordable on a sustainable basis [3.b.3],,Percent,,95
2020,Proportion of health facilities that have a core set of relevant essential medicines available and affordable on a sustainable basis [3.b.3],,Percent,,100
2022,Proportion of health facilities that have a core set of relevant essential medicines available and affordable on a sustainable basis [3.b.3],,Percent,,100
