Year,SERIES,Reference area,UNIT_MEASURE,GeoCode,Value
2015,Average of 13 International Health Regulations (IHR) core capacities [3.d.1],,Number,,77
2018,Average of 13 International Health Regulations (IHR) core capacities [3.d.1],,Number,,82
2019,Average of 13 International Health Regulations (IHR) core capacities [3.d.1],,Number,,85
2020,Average of 13 International Health Regulations (IHR) core capacities [3.d.1],,Number,,90
2022,Average of 13 International Health Regulations (IHR) core capacities [3.d.1],,Number,,95
