Year,SERIES,Reference area,UNIT_MEASURE,GeoCode,Value
2014,Participation rate in organized learning (one year before the official primary entry age) [4.2.2],,Percent,,50.7
2019,Participation rate in organized learning (one year before the official primary entry age) [4.2.2],,Percent,,82.9
2019,Participation rate in organized learning (one year before the official primary entry age) [4.2.2],Province 1,Percent,NP1,81.4
2019,Participation rate in organized learning (one year before the official primary entry age) [4.2.2],Madhesh,Percent,NP2,71.5
2019,Participation rate in organized learning (one year before the official primary entry age) [4.2.2],Bagmati,Percent,NP3,96.6
2019,Participation rate in organized learning (one year before the official primary entry age) [4.2.2],Gandaki,Percent,NP4,97.9
2019,Participation rate in organized learning (one year before the official primary entry age) [4.2.2],Lumbini,Percent,NP5,81.3
2019,Participation rate in organized learning (one year before the official primary entry age) [4.2.2],Karnali,Percent,NP6,82.1
2019,Participation rate in organized learning (one year before the official primary entry age) [4.2.2],Sudurpashchim,Percent,NP7,80.0
