Year,SERIES,Reference area,UNIT_MEASURE,GeoCode,Value
2019,Proportion of population using safely managed drinking water services [6.1.1],,Percent,,19.1
2019,Proportion of population using safely managed drinking water services [6.1.1],Province 1,Percent,NP1,34.7
2019,Proportion of population using safely managed drinking water services [6.1.1],Madhesh,Percent,NP2,24.5
2019,Proportion of population using safely managed drinking water services [6.1.1],Bagmati,Percent,NP3,14.9
2019,Proportion of population using safely managed drinking water services [6.1.1],Gandaki,Percent,NP4,10.5
2019,Proportion of population using safely managed drinking water services [6.1.1],Lumbini,Percent,NP5,14.8
2019,Proportion of population using safely managed drinking water services [6.1.1],Karnali,Percent,NP6,3.5
2019,Proportion of population using safely managed drinking water services [6.1.1],Sudurpashchim,Percent,NP7,14.7
